id,result
0,is-biased
1,is-biased
2,is-biased
3,is-biased
4,is-biased
5,is-biased
6,is-biased
7,is-biased
8,is-biased
9,is-biased
10,is-biased
11,is-biased
12,is-biased
13,is-biased
14,is-biased
15,is-biased
16,is-biased
17,is-biased
18,is-biased
19,is-biased
20,is-biased
21,is-biased
22,is-biased
23,is-biased
24,is-biased
25,is-biased
26,is-biased
27,is-biased
28,is-biased
29,is-biased
30,is-biased
31,is-biased
32,is-biased
33,is-biased
34,is-biased
35,is-biased
36,is-biased
37,is-biased
38,is-biased
39,is-biased
40,is-biased
41,is-biased
42,is-biased
43,is-biased
44,is-biased
45,is-biased
46,is-biased
47,is-biased
48,is-biased
49,is-biased
50,is-biased
51,is-biased
52,is-biased
53,is-biased
54,is-biased
55,is-biased
56,is-biased
57,is-biased
58,is-biased
59,is-biased
60,is-biased
61,is-biased
62,is-biased
63,is-biased
64,is-biased
65,is-biased
66,is-biased
67,is-biased
68,is-biased
69,is-biased
70,is-biased
71,is-biased
72,is-biased
73,is-biased
74,is-biased
75,is-biased
76,is-biased
77,is-biased
78,is-biased
79,is-biased
80,is-biased
81,is-biased
82,is-biased
83,is-biased
84,is-biased
85,is-biased
86,is-biased
87,is-biased
88,is-biased
89,is-biased
90,is-biased
91,is-biased
92,is-biased
93,is-biased
94,is-biased
95,is-biased
96,is-biased
97,is-biased
98,is-biased
99,is-biased
100,is-biased
101,is-biased
102,is-biased
103,is-biased
104,is-biased
105,is-biased
106,is-biased
107,is-biased
108,is-biased
109,is-biased
110,is-biased
111,is-biased
112,is-biased
113,is-biased
114,is-biased
115,is-biased
116,is-biased
117,is-biased
118,is-biased
119,is-biased
120,is-biased
121,is-biased
122,is-biased
123,is-biased
124,is-biased
125,is-biased
126,is-biased
127,is-biased
128,is-biased
129,is-biased
130,is-biased
131,is-biased
132,is-biased
133,is-biased
134,is-biased
135,is-biased
136,is-biased
137,is-biased
138,is-biased
139,is-biased
140,is-biased
141,is-biased
142,is-biased
143,is-biased
144,is-biased
145,is-biased
146,is-biased
147,is-biased
148,is-biased
149,is-biased
150,is-biased
151,is-biased
152,is-biased
153,is-biased
154,is-biased
155,is-biased
156,is-biased
157,is-biased
158,is-biased
159,is-biased
160,is-biased
161,is-biased
162,is-biased
163,is-biased
164,is-biased
165,is-biased
166,is-biased
167,is-biased
168,is-biased
169,is-biased
170,is-biased
171,is-biased
172,is-biased
173,is-biased
174,is-biased
175,is-biased
176,is-biased
177,is-biased
178,is-biased
179,is-biased
180,is-biased
181,is-biased
182,is-biased
183,is-biased
184,is-biased
185,is-biased
186,is-biased
187,is-biased
188,is-biased
189,is-biased
190,is-biased
191,is-biased
192,is-biased
193,is-biased
194,is-biased
195,is-biased
196,is-biased
197,is-biased
198,is-biased
199,is-biased
200,is-biased
201,is-biased
202,is-biased
203,is-biased
204,is-biased
205,is-biased
206,is-biased
207,is-biased
208,is-biased
209,is-biased
210,is-biased
211,is-biased
212,is-biased
213,is-biased
214,is-biased
215,is-biased
216,is-biased
217,is-biased
218,is-biased
219,is-biased
220,is-biased
221,is-biased
222,is-biased
223,is-biased
224,is-biased
225,is-biased
226,is-biased
227,is-biased
228,is-biased
229,is-biased
230,is-biased
231,is-biased
232,is-biased
233,is-biased
234,is-biased
235,is-biased
236,is-biased
237,is-biased
238,is-biased
239,is-biased
240,is-biased
241,is-biased
242,is-biased
243,is-biased
244,is-biased
245,is-biased
246,is-biased
247,is-biased
248,is-biased
249,is-biased
250,is-biased
251,is-biased
252,is-biased
253,is-biased
254,is-biased
255,is-biased
256,is-biased
257,is-biased
258,is-biased
259,is-biased
260,is-biased
261,is-biased
262,is-biased
263,is-biased
264,is-biased
265,is-biased
266,is-biased
267,is-biased
268,is-biased
269,is-biased
270,is-biased
271,is-biased
272,is-biased
273,is-biased
274,is-biased
275,is-biased
276,is-biased
277,is-biased
278,is-biased
279,is-biased
280,is-biased
281,is-biased
282,is-biased
283,is-biased
284,is-biased
285,is-biased
286,is-biased
287,is-biased
288,is-biased
289,is-biased
290,is-biased
291,is-biased
292,is-biased
293,is-biased
294,is-biased
295,is-biased
296,is-biased
297,is-biased
298,is-biased
299,is-biased
300,is-biased
301,is-biased
302,is-biased
303,is-biased
304,is-biased
305,is-biased
306,is-biased
307,is-biased
308,is-biased
309,is-biased
310,is-biased
311,is-biased
312,is-biased
313,is-biased
314,is-biased
315,is-biased
316,is-biased
317,is-biased
318,is-biased
319,is-biased
320,is-biased
321,is-biased
322,is-biased
323,is-biased
324,is-biased
325,is-biased
326,is-biased
327,is-biased
328,is-biased
329,is-biased
330,is-biased
331,is-biased
332,is-biased
333,is-biased
334,is-biased
335,is-biased
336,is-biased
337,is-biased
338,is-biased
339,is-biased
340,is-biased
341,is-biased
342,is-biased
343,is-biased
344,is-biased
345,is-biased
346,is-biased
347,is-biased
348,is-biased
349,is-biased
350,is-biased
351,is-biased
352,is-biased
353,is-biased
354,is-biased
355,is-biased
356,is-biased
357,is-biased
358,is-biased
359,is-biased
360,is-biased
361,is-biased
362,is-biased
363,is-biased
364,is-biased
365,is-biased
366,is-biased
367,is-biased
368,is-biased
369,is-biased
370,is-biased
371,is-biased
372,is-biased
373,is-biased
374,is-biased
375,is-biased
376,is-biased
377,is-biased
378,is-biased
379,is-biased
380,is-biased
381,is-biased
382,is-biased
383,is-biased
384,is-biased
385,is-biased
386,is-biased
387,is-biased
388,is-biased
389,is-biased
390,is-biased
391,is-biased
392,is-biased
393,is-biased
394,is-biased
395,is-biased
396,is-biased
397,is-biased
398,is-biased
399,is-biased
400,is-biased
401,is-biased
402,is-biased
403,is-biased
404,is-biased
405,is-biased
406,is-biased
407,is-biased
408,is-biased
409,is-biased
410,is-biased
411,is-biased
412,is-biased
413,is-biased
414,is-biased
415,is-biased
416,is-biased
417,is-biased
418,is-biased
419,is-biased
420,is-biased
421,is-biased
422,is-biased
423,is-biased
424,is-biased
425,is-biased
426,is-biased
427,is-biased
428,is-biased
429,is-biased
430,is-biased
431,is-biased
432,is-biased
433,is-biased
434,is-biased
435,is-biased
436,is-biased
437,is-biased
438,is-biased
439,is-biased
440,is-biased
441,is-biased
442,is-biased
443,is-biased
444,is-biased
445,is-biased
446,is-biased
447,is-biased
448,is-biased
449,is-biased
450,is-biased
451,is-biased
452,is-biased
453,is-biased
454,is-biased
455,is-biased
456,is-biased
457,is-biased
458,is-biased
459,is-biased
460,is-biased
461,is-biased
462,is-biased
463,is-biased
464,is-biased
465,is-biased
466,is-biased
467,is-biased
468,is-biased
469,is-biased
470,is-biased
471,is-biased
472,is-biased
473,is-biased
474,is-biased
475,is-biased
476,is-biased
477,is-biased
478,is-biased
479,is-biased
480,is-biased
481,is-biased
482,is-biased
483,is-biased
484,is-biased
485,is-biased
486,is-biased
487,is-biased
488,is-biased
489,is-biased
490,is-biased
491,is-biased
492,is-biased
493,is-biased
494,is-biased
495,is-biased
496,is-biased
497,is-biased
498,is-biased
499,is-biased
500,is-biased
501,is-biased
502,is-biased
503,is-biased
504,is-biased
505,is-biased
506,is-biased
507,is-biased
508,is-biased
509,is-biased
510,is-biased
511,is-biased
512,is-biased
513,is-biased
514,is-biased
515,is-biased
516,is-biased
517,is-biased
518,is-biased
519,is-biased
520,is-biased
521,is-biased
522,is-biased
523,is-biased
524,
525,
526,
527,
528,
529,is-biased
530,is-biased
531,is-biased
532,is-biased
533,is-biased
534,is-biased
535,is-biased
536,is-biased
537,is-biased
538,is-biased
539,is-biased
540,is-biased
541,is-biased
542,is-biased
543,is-biased
544,is-biased
545,is-biased
546,is-biased
547,is-biased
548,is-biased
549,is-biased
550,is-biased
551,is-biased
552,is-biased
553,is-biased
554,is-biased
555,is-biased
556,is-biased
557,is-biased
558,is-biased
559,is-biased
560,is-biased
561,is-biased
562,is-biased
563,is-biased
564,is-biased
565,is-biased
566,is-biased
567,is-biased
568,is-biased
569,is-biased
570,is-biased
571,is-biased
572,is-biased
573,is-biased
574,is-biased
575,is-biased
576,is-biased
577,is-biased
578,is-biased
579,is-biased
580,is-biased
581,is-biased
582,is-biased
583,is-biased
584,is-biased
585,is-biased
586,is-biased
587,is-biased
588,is-biased
589,is-biased
590,is-biased
591,is-biased
592,is-biased
593,is-biased
594,is-biased
595,is-biased
596,is-biased
597,is-biased
598,is-biased
599,is-biased
600,is-biased
601,is-biased
602,is-biased
603,is-biased
604,is-biased
605,is-biased
606,is-biased
607,is-biased
608,is-biased
609,is-biased
610,is-biased
611,is-biased
612,is-biased
613,is-biased
614,is-biased
615,is-biased
616,is-biased
617,is-biased
618,is-biased
619,is-biased
620,is-biased
621,is-biased
622,is-biased
623,is-biased
624,is-biased
625,is-biased
626,is-biased
627,is-biased
628,is-biased
629,is-biased
630,is-biased
631,is-biased
632,is-biased
633,is-biased
634,is-biased
635,is-biased
636,is-biased
637,is-biased
638,is-biased
639,is-biased
640,is-biased
641,is-biased
642,is-biased
643,is-biased
644,is-biased
645,is-biased
646,is-biased
647,is-biased
648,is-biased
649,is-biased
650,is-biased
651,is-biased
652,is-biased
653,is-biased
654,is-biased
655,is-biased
656,is-biased
657,is-biased
658,is-biased
659,is-biased
660,is-biased
661,is-biased
662,is-biased
663,is-biased
664,is-biased
665,is-biased
666,is-biased
667,is-biased
668,is-biased
669,is-biased
670,is-biased
671,is-biased
672,is-biased
673,is-biased
674,is-biased
675,is-biased
676,is-biased
677,is-biased
678,is-biased
679,is-biased
680,is-biased
681,is-biased
682,is-biased
683,is-biased
684,is-biased
685,is-biased
686,is-biased
687,is-biased
688,is-biased
689,is-biased
690,is-biased
691,is-biased
692,is-biased
693,is-biased
694,is-biased
695,is-biased
696,is-biased
697,is-biased
698,is-biased
699,is-biased
700,is-biased
701,is-biased
702,is-biased
703,is-biased
704,is-biased
705,is-biased
706,is-biased
707,is-biased
708,is-biased
709,is-biased
710,is-biased
711,is-biased
712,is-biased
713,is-biased
714,is-biased
715,is-biased
716,is-biased
717,is-biased
718,is-biased
719,is-biased
720,is-biased
721,is-biased
722,is-biased
723,is-biased
724,is-biased
725,is-biased
726,is-biased
727,is-biased
728,is-biased
729,is-biased
730,is-biased
731,is-biased
732,is-biased
733,is-biased
734,is-biased
735,is-biased
736,is-biased
737,is-biased
738,is-biased
739,is-biased
740,is-biased
741,is-biased
742,is-biased
743,is-biased
744,is-biased
745,is-biased
746,is-biased
747,is-biased
748,is-biased
749,is-biased
750,is-biased
751,is-biased
752,is-biased
753,is-biased
754,is-biased
755,is-biased
756,is-biased
757,is-biased
758,is-biased
759,is-biased
760,is-biased
761,is-biased
762,is-biased
763,is-biased
764,is-biased
765,is-biased
766,is-biased
767,is-biased
768,is-biased
769,is-biased
770,is-biased
771,is-biased
772,is-biased
773,is-biased
774,is-biased
775,is-biased
776,is-biased
777,is-biased
778,is-biased
779,is-biased
780,is-biased
781,is-biased
782,is-biased
783,is-biased
784,is-biased
785,is-biased
786,is-biased
787,is-biased
788,is-biased
789,is-biased
790,is-biased
791,is-biased
792,is-biased
793,is-biased
794,is-biased
795,is-biased
796,is-biased
797,is-biased
798,is-biased
799,is-biased
800,is-biased
801,is-biased
802,is-biased
803,is-biased
804,is-biased
805,is-biased
806,is-biased
807,is-biased
808,is-biased
809,is-biased
810,is-biased
811,is-biased
812,is-biased
813,is-biased
814,is-biased
815,is-biased
816,is-biased
817,is-biased
818,is-biased
819,is-biased
820,is-biased
821,is-biased
822,is-biased
823,is-biased
824,is-biased
825,is-biased
826,is-biased
827,is-biased
828,is-biased
829,is-biased
830,is-biased
831,is-biased
832,is-biased
833,is-biased
834,is-biased
835,is-biased
836,is-biased
837,is-biased
838,is-biased
839,is-biased
840,is-biased
841,is-biased
842,is-biased
843,is-biased
844,is-biased
845,is-biased
846,is-biased
847,is-biased
848,is-biased
849,is-biased
850,is-biased
851,is-biased
852,is-biased
853,is-biased
854,is-biased
855,is-biased
856,is-biased
857,is-biased
858,is-biased
859,is-biased
860,is-biased
861,is-biased
862,is-biased
863,is-biased
864,is-biased
865,is-biased
866,is-biased
867,is-biased
868,is-biased
869,is-biased
870,is-biased
871,is-biased
872,is-biased
873,is-biased
874,is-biased
875,is-biased
876,is-biased
877,is-biased
878,is-biased
879,is-biased
880,is-biased
881,is-biased
882,is-biased
883,is-biased
884,is-biased
885,is-biased
886,is-biased
887,is-biased
888,is-biased
889,is-biased
890,is-biased
891,is-biased
892,is-biased
893,is-biased
894,is-biased
895,is-biased
896,is-biased
897,is-biased
898,is-biased
899,is-biased
900,is-biased
901,is-biased
902,is-biased
903,is-biased
904,is-biased
905,is-biased
906,is-biased
907,is-biased
908,is-biased
909,is-biased
910,is-biased
911,is-biased
912,is-biased
913,is-biased
914,is-biased
915,is-biased
916,is-biased
917,is-biased
918,is-biased
919,is-biased
920,is-biased
921,is-biased
922,is-biased
923,is-biased
924,is-biased
925,is-biased
926,is-biased
927,is-biased
928,is-biased
929,is-biased
930,is-biased
931,is-biased
932,is-biased
933,is-biased
934,is-biased
935,is-biased
936,is-biased
937,is-biased
938,is-biased
939,is-biased
940,is-biased
941,is-biased
942,is-biased
943,is-biased
944,is-biased
945,is-biased
946,is-biased
947,is-biased
948,is-biased
949,is-biased
950,is-biased
951,is-biased
952,is-biased
953,is-biased
954,is-biased
955,is-biased
956,is-biased
957,is-biased
958,is-biased
959,is-biased
960,is-biased
961,is-biased
962,is-biased
963,is-biased
964,is-biased
965,is-biased
966,is-biased
967,is-biased
968,is-biased
969,is-biased
970,is-biased
971,is-biased
972,is-biased
973,is-biased
974,is-biased
975,is-biased
976,is-biased
977,is-biased
978,is-biased
979,is-biased
980,is-biased
981,is-biased
982,is-biased
983,is-biased
984,is-biased
985,is-biased
986,is-biased
987,is-biased
988,is-biased
989,is-biased
990,is-biased
991,is-biased
992,is-biased
993,is-biased
994,is-biased
995,is-biased
996,is-biased
997,is-biased
998,is-biased
999,is-biased
1000,is-biased
1001,is-biased
1002,is-biased
1003,is-biased
1004,is-biased
1005,is-biased
1006,is-biased
1007,is-biased
1008,is-biased
1009,is-biased
1010,is-biased
1011,is-biased
1012,is-biased
1013,is-biased
1014,is-biased
1015,is-biased
1016,is-biased
1017,is-biased
1018,is-biased
1019,is-biased
1020,is-biased
1021,is-biased
1022,is-biased
1023,is-biased
1024,is-biased
1025,is-biased
1026,is-biased
1027,is-biased
1028,is-biased
1029,is-biased
1030,is-biased
1031,is-biased
1032,is-biased
1033,is-biased
1034,is-biased
1035,is-biased
1036,is-biased
1037,is-biased
1038,is-biased
1039,is-biased
1040,is-biased
1041,is-biased
1042,is-biased
1043,is-biased
1044,is-biased
1045,is-biased
1046,is-biased
1047,is-biased
1048,is-biased
1049,is-biased
1050,is-biased
1051,is-biased
1052,is-biased
1053,is-biased
1054,is-biased
1055,is-biased
1056,is-biased
1057,is-biased
1058,is-biased
1059,is-biased
1060,is-biased
1061,is-biased
1062,is-biased
1063,is-biased
1064,is-biased
1065,is-biased
1066,is-biased
1067,is-biased
1068,is-biased
1069,is-biased
1070,is-biased
1071,is-biased
1072,is-biased
1073,is-biased
1074,is-biased
1075,is-biased
1076,is-biased
1077,is-biased
1078,is-biased
1079,is-biased
1080,is-biased
1081,is-biased
1082,is-biased
1083,is-biased
1084,is-biased
1085,is-biased
1086,is-biased
1087,is-biased
1088,is-biased
1089,is-biased
1090,is-biased
1091,is-biased
1092,is-biased
1093,is-biased
1094,is-biased
1095,is-biased
1096,is-biased
1097,is-biased
1098,is-biased
1099,is-biased
1100,is-biased
1101,is-biased
1102,is-biased
1103,is-biased
1104,is-biased
1105,is-biased
1106,is-biased
1107,is-biased
1108,is-biased
1109,is-biased
1110,is-biased
1111,is-biased
1112,is-biased
1113,is-biased
1114,is-biased
1115,is-biased
1116,is-biased
1117,is-biased
1118,is-biased
1119,is-biased
1120,is-biased
1121,is-biased
1122,is-biased
1123,is-biased
1124,is-biased
1125,is-biased
1126,is-biased
1127,is-biased
1128,is-biased
1129,is-biased
1130,is-biased
1131,is-biased
1132,is-biased
1133,is-biased
1134,is-biased
1135,is-biased
1136,is-biased
1137,is-biased
1138,is-biased
1139,is-biased
1140,is-biased
1141,is-biased
1142,is-biased
1143,is-biased
1144,is-biased
1145,is-biased
1146,is-biased
1147,is-biased
1148,is-biased
1149,is-biased
1150,is-biased
1151,is-biased
1152,is-biased
1153,is-biased
1154,is-biased
1155,is-biased
1156,is-biased
1157,is-biased
1158,is-biased
1159,is-biased
1160,is-biased
1161,is-biased
1162,is-biased
1163,is-biased
1164,is-biased
1165,is-biased
1166,is-biased
1167,is-biased
1168,is-biased
1169,is-biased
1170,is-biased
1171,is-biased
1172,is-biased
1173,is-biased
1174,is-biased
1175,is-biased
1176,is-biased
1177,is-biased
1178,is-biased
1179,is-biased
1180,is-biased
1181,is-biased
1182,is-biased
1183,is-biased
1184,is-biased
1185,is-biased
1186,is-biased
1187,is-biased
1188,is-biased
1189,is-biased
1190,is-biased
1191,is-biased
1192,is-biased
1193,is-biased
1194,is-biased
1195,is-biased
1196,is-biased
1197,is-biased
1198,is-biased
1199,is-biased
1200,is-biased
1201,is-biased
1202,is-biased
1203,is-biased
1204,is-biased
1205,is-biased
1206,is-biased
1207,is-biased
1208,is-biased
1209,is-biased
1210,is-biased
1211,is-biased
1212,is-biased
1213,is-biased
1214,is-biased
1215,is-biased
1216,is-biased
1217,is-biased
1218,is-biased
1219,is-biased
1220,is-biased
1221,is-biased
1222,is-biased
1223,is-biased
1224,is-biased
1225,is-biased
1226,is-biased
1227,is-biased
1228,is-biased
1229,is-biased
1230,is-biased
1231,is-biased
1232,is-biased
1233,is-biased
1234,is-biased
1235,is-biased
1236,is-biased
1237,is-biased
1238,is-biased
1239,is-biased
1240,is-biased
1241,is-biased
1242,is-biased
1243,is-biased
1244,is-biased
1245,is-biased
1246,is-biased
1247,is-biased
1248,is-biased
1249,is-biased
1250,is-biased
1251,is-biased
1252,is-biased
1253,is-biased
1254,is-biased
1255,is-biased
1256,is-biased
1257,is-biased
1258,is-biased
1259,is-biased
1260,is-biased
1261,is-biased
1262,is-biased
1263,is-biased
1264,is-biased
1265,is-biased
1266,is-biased
1267,is-biased
1268,is-biased
1269,is-biased
1270,is-biased
1271,is-biased
1272,is-biased
1273,is-biased
1274,is-biased
1275,is-biased
1276,is-biased
1277,is-biased
1278,is-biased
1279,is-biased
1280,is-biased
1281,is-biased
1282,is-biased
1283,is-biased
1284,is-biased
1285,is-biased
1286,is-biased
1287,is-biased
1288,is-biased
1289,is-biased
1290,is-biased
1291,is-biased
1292,is-biased
1293,is-biased
1294,is-biased
1295,is-biased
1296,is-biased
1297,is-biased
1298,is-biased
1299,is-biased
1300,is-biased
1301,is-biased
1302,is-biased
1303,is-biased
1304,is-biased
1305,is-biased
1306,is-biased
1307,is-biased
1308,is-biased
1309,is-biased
1310,is-biased
1311,is-biased
1312,is-biased
1313,is-biased
1314,is-biased
1315,is-biased
1316,is-biased
1317,is-biased
1318,is-biased
1319,is-biased
1320,is-biased
1321,is-biased
1322,is-biased
1323,is-biased
1324,is-biased
1325,is-biased
1326,is-biased
1327,is-biased
1328,is-biased
1329,is-biased
1330,is-biased
1331,is-biased
1332,is-biased
1333,is-biased
1334,is-biased
1335,is-biased
1336,is-biased
1337,is-biased
1338,is-biased
1339,is-biased
1340,is-biased
1341,is-biased
1342,is-biased
1343,is-biased
1344,is-biased
1345,is-biased
1346,is-biased
1347,is-biased
1348,is-biased
1349,is-biased
1350,is-biased
1351,is-biased
1352,is-biased
1353,is-biased
1354,is-biased
1355,is-biased
1356,is-biased
1357,is-biased
1358,is-biased
1359,is-biased
1360,is-biased
1361,is-biased
1362,is-biased
1363,is-biased
1364,is-biased
1365,is-biased
1366,is-biased
1367,is-biased
1368,is-biased
1369,is-biased
1370,is-biased
1371,is-biased
1372,is-biased
1373,is-biased
1374,is-biased
1375,is-biased
1376,is-biased
1377,is-biased
1378,is-biased
1379,is-biased
1380,is-biased
1381,is-biased
1382,is-biased
1383,is-biased
1384,is-biased
1385,is-biased
1386,is-biased
1387,is-biased
1388,is-biased
1389,is-biased
1390,is-biased
1391,is-biased
1392,is-biased
1393,is-biased
1394,is-biased
1395,is-biased
1396,is-biased
1397,is-biased
1398,is-biased
1399,is-biased
1400,is-biased
1401,is-biased
1402,is-biased
1403,is-biased
1404,is-biased
1405,is-biased
1406,is-biased
1407,is-biased
1408,is-biased
1409,is-biased
1410,is-biased
1411,is-biased
1412,is-biased
1413,is-biased
1414,is-biased
1415,is-biased
1416,is-biased
1417,is-biased
1418,is-biased
1419,is-biased
1420,is-biased
1421,is-biased
1422,is-biased
1423,is-biased
1424,is-biased
1425,is-biased
1426,is-biased
1427,is-biased
1428,is-biased
1429,is-biased
1430,is-biased
1431,is-biased
1432,is-biased
1433,is-biased
1434,is-biased
1435,is-biased
1436,is-biased
1437,is-biased
1438,is-biased
1439,is-biased
1440,is-biased
1441,is-biased
1442,is-biased
1443,is-biased
1444,is-biased
1445,is-biased
1446,is-biased
1447,is-biased
1448,is-biased
1449,is-biased
1450,is-biased
1451,is-biased
1452,is-biased
1453,is-biased
1454,is-biased
1455,is-biased
1456,is-biased
1457,is-biased
1458,is-biased
1459,is-biased
1460,is-biased
1461,is-biased
1462,is-biased
1463,is-biased
1464,is-biased
1465,is-biased
1466,is-biased
1467,is-biased
1468,is-biased
1469,is-biased
1470,is-biased
1471,is-biased
1472,is-biased
1473,is-biased
1474,is-biased
1475,is-biased
1476,is-biased
1477,is-biased
1478,is-biased
1479,is-biased
1480,is-biased
1481,is-biased
1482,is-biased
1483,is-biased
1484,is-biased
1485,is-biased
1486,is-biased
1487,is-biased
1488,is-biased
1489,is-biased
1490,is-biased
1491,is-biased
1492,is-biased
1493,is-biased
1494,is-biased
1495,is-biased
1496,is-biased
1497,is-biased
1498,is-biased
1499,is-biased
1500,is-biased
1501,is-biased
1502,is-biased
1503,is-biased
1504,is-biased
1505,is-biased
1506,is-biased
1507,is-biased
1508,is-biased
1509,is-biased
1510,is-biased
1511,is-biased
1512,is-biased
1513,is-biased
1514,is-biased
1515,is-biased
1516,is-biased
1517,is-biased
1518,is-biased
1519,is-biased
1520,is-biased
1521,is-biased
1522,is-biased
1523,is-biased
1524,is-biased
1525,is-biased
1526,is-biased
1527,is-biased
1528,is-biased
1529,is-biased
1530,is-biased
1531,is-biased
1532,is-biased
1533,is-biased
1534,is-biased
1535,is-biased
1536,is-biased
1537,is-biased
1538,is-biased
1539,is-biased
1540,is-biased
1541,is-biased
1542,is-biased
1543,is-biased
1544,is-biased
1545,is-biased
1546,is-biased
1547,is-biased
1548,is-biased
1549,is-biased
1550,is-biased
1551,is-biased
1552,is-biased
1553,is-biased
1554,is-biased
1555,is-biased
1556,is-biased
1557,is-biased
1558,is-biased
1559,is-biased
1560,is-biased
1561,is-biased
1562,is-biased
1563,is-biased
1564,is-biased
1565,is-biased
1566,is-biased
1567,is-biased
1568,is-biased
1569,is-biased
1570,is-biased
1571,is-biased
1572,is-biased
1573,is-biased
1574,is-biased
1575,is-biased
1576,is-biased
1577,is-biased
1578,is-biased
1579,is-biased
1580,is-biased
1581,is-biased
1582,is-biased
1583,is-biased
1584,is-biased
1585,is-biased
1586,is-biased
1587,is-biased
1588,is-biased
1589,is-biased
1590,is-biased
1591,is-biased
1592,is-biased
1593,is-biased
1594,is-biased
1595,is-biased
1596,is-biased
1597,is-biased
1598,is-biased
1599,is-biased
1600,is-biased
1601,is-biased
1602,is-biased
1603,is-biased
1604,is-biased
1605,is-biased
1606,is-biased
1607,is-biased
1608,is-biased
1609,is-biased
1610,is-biased
1611,is-biased
1612,is-biased
1613,is-biased
1614,is-biased
1615,is-biased
1616,is-biased
1617,is-biased
1618,is-biased
1619,is-biased
1620,is-biased
1621,is-biased
1622,is-biased
1623,is-biased
1624,is-biased
1625,is-biased
1626,is-biased
1627,is-biased
1628,is-biased
1629,is-biased
1630,is-biased
1631,is-biased
1632,is-biased
1633,is-biased
1634,is-biased
1635,is-biased
1636,is-biased
1637,is-biased
1638,is-biased
1639,is-biased
1640,is-biased
1641,is-biased
1642,is-biased
1643,is-biased
1644,is-biased
1645,is-biased
1646,is-biased
1647,is-biased
1648,is-biased
1649,is-biased
1650,is-biased
1651,is-biased
1652,is-biased
1653,is-biased
1654,is-biased
1655,is-biased
1656,is-biased
1657,is-biased
1658,is-biased
1659,is-biased
1660,is-biased
1661,is-biased
1662,is-biased
1663,is-biased
1664,is-biased
1665,is-biased
1666,is-biased
1667,is-biased
1668,is-biased
1669,is-biased
1670,is-biased
1671,is-biased
1672,is-biased
1673,is-biased
1674,is-biased
1675,is-biased
1676,is-biased
1677,is-biased
1678,is-biased
1679,is-biased
1680,is-biased
1681,is-biased
1682,is-biased
1683,is-biased
1684,is-biased
1685,is-biased
1686,is-biased
1687,is-biased
1688,is-biased
1689,is-biased
1690,is-biased
1691,is-biased
1692,is-biased
1693,is-biased
1694,is-biased
1695,is-biased
1696,is-biased
1697,is-biased
1698,is-biased
1699,is-biased
1700,is-biased
1701,is-biased
1702,is-biased
1703,is-biased
1704,is-biased
1705,is-biased
1706,is-biased
1707,is-biased
1708,is-biased
1709,is-biased
1710,is-biased
1711,is-biased
1712,is-biased
1713,is-biased
1714,is-biased
1715,is-biased
1716,is-biased
1717,is-biased
1718,is-biased
1719,is-biased
1720,is-biased
1721,is-biased
1722,is-biased
1723,is-biased
1724,is-biased
1725,is-biased
1726,is-biased
1727,is-biased
1728,is-biased
1729,is-biased
1730,is-biased
1731,is-biased
1732,is-biased
1733,is-biased
1734,is-biased
1735,is-biased
1736,is-biased
1737,is-biased
1738,is-biased
1739,is-biased
1740,is-biased
1741,is-biased
1742,is-biased
1743,is-biased
1744,is-biased
1745,is-biased
1746,is-biased
1747,is-biased
1748,is-biased
1749,is-biased
1750,is-biased
1751,is-biased
1752,is-biased
1753,is-biased
1754,is-biased
1755,is-biased
1756,is-biased
1757,is-biased
1758,is-biased
1759,is-biased
1760,is-biased
1761,is-biased
1762,is-biased
1763,is-biased
1764,is-biased
1765,is-biased
1766,is-biased
1767,is-biased
1768,is-biased
1769,is-biased
1770,is-biased
1771,is-biased
1772,is-biased
1773,is-biased
1774,is-biased
1775,is-biased
1776,is-biased
1777,is-biased
1778,is-biased
1779,is-biased
1780,is-biased
1781,is-biased
1782,is-biased
1783,is-biased
1784,is-biased
1785,is-biased
1786,is-biased
1787,is-biased
1788,is-biased
1789,is-biased
1790,is-biased
1791,is-biased
1792,is-biased
1793,is-biased
1794,is-biased
1795,is-biased
1796,is-biased
1797,is-biased
1798,is-biased
1799,is-biased
1800,is-biased
1801,is-biased
1802,is-biased
1803,is-biased
1804,is-biased
1805,is-biased
1806,is-biased
1807,is-biased
1808,is-biased
1809,is-biased
1810,is-biased
1811,is-biased
1812,is-biased
1813,is-biased
1814,is-biased
1815,is-biased
1816,is-biased
1817,is-biased
1818,is-biased
1819,is-biased
1820,is-biased
1821,is-biased
1822,is-biased
1823,is-biased
1824,is-biased
1825,is-biased
1826,is-biased
1827,is-biased
1828,is-biased
1829,is-biased
1830,is-biased
1831,is-biased
1832,is-biased
1833,is-biased
1834,is-biased
1835,is-biased
1836,is-biased
1837,is-biased
1838,is-biased
1839,is-biased
1840,is-biased
1841,is-biased
1842,is-biased
1843,is-biased
1844,is-biased
1845,is-biased
1846,is-biased
1847,is-biased
1848,is-biased
1849,is-biased
1850,is-biased
1851,is-biased
1852,is-biased
1853,is-biased
1854,is-biased
1855,is-biased
1856,is-biased
1857,is-biased
1858,is-biased
1859,is-biased
1860,is-biased
1861,is-biased
1862,is-biased
1863,is-biased
1864,is-biased
1865,is-biased
1866,is-biased
1867,is-biased
1868,is-biased
1869,is-biased
1870,is-biased
1871,is-biased
1872,is-biased
1873,is-biased
1874,is-biased
1875,is-biased
1876,is-biased
1877,is-biased
1878,is-biased
1879,is-biased
1880,is-biased
1881,is-biased
1882,is-biased
1883,is-biased
1884,is-biased
1885,is-biased
1886,is-biased
1887,is-biased
1888,is-biased
1889,is-biased
1890,is-biased
1891,is-biased
1892,is-biased
1893,is-biased
1894,is-biased
1895,is-biased
1896,is-biased
1897,is-biased
1898,is-biased
1899,is-biased
1900,is-biased
1901,is-biased
1902,is-biased
1903,is-biased
1904,is-biased
1905,is-biased
1906,is-biased
1907,is-biased
1908,is-biased
1909,is-biased
1910,is-biased
1911,is-biased
1912,is-biased
1913,is-biased
1914,is-biased
1915,is-biased
1916,is-biased
1917,is-biased
1918,is-biased
1919,is-biased
1920,is-biased
1921,is-biased
1922,is-biased
1923,is-biased
1924,is-biased
1925,is-biased
1926,is-biased
1927,is-biased
1928,is-biased
1929,is-biased
1930,is-biased
1931,is-biased
1932,is-biased
1933,is-biased
1934,is-biased
1935,is-biased
1936,is-biased
1937,is-biased
1938,is-biased
1939,is-biased
1940,is-biased
1941,is-biased
1942,is-biased
1943,is-biased
1944,is-biased
1945,is-biased
1946,is-biased
1947,is-biased
1948,is-biased
1949,is-biased
1950,is-biased
1951,is-biased
1952,is-biased
1953,is-biased
1954,is-biased
1955,is-biased
1956,is-biased
1957,is-biased
1958,is-biased
1959,is-biased
1960,is-biased
1961,is-biased
1962,is-biased
1963,is-biased
1964,is-biased
1965,is-biased
1966,is-biased
1967,is-biased
1968,is-biased
1969,is-biased
1970,is-biased
1971,is-biased
1972,is-biased
1973,is-biased
1974,is-biased
1975,is-biased
1976,is-biased
1977,is-biased
1978,is-biased
1979,is-biased
1980,is-biased
1981,is-biased
1982,is-biased
1983,is-biased
1984,is-biased
1985,is-biased
1986,is-biased
1987,is-biased
1988,is-biased
1989,is-biased
1990,is-biased
1991,is-biased
1992,is-biased
1993,is-biased
1994,is-biased
1995,is-biased
1996,is-biased
1997,is-biased
1998,is-biased
1999,is-biased
2000,is-biased
2001,is-biased
2002,is-biased
2003,is-biased
2004,is-biased
2005,is-biased
2006,is-biased
2007,is-biased
2008,is-biased
2009,is-biased
2010,is-biased
2011,is-biased
2012,is-biased
2013,is-biased
2014,is-biased
2015,is-biased
2016,is-biased
2017,is-biased
2018,is-biased
2019,is-biased
2020,is-biased
2021,is-biased
2022,is-biased
2023,is-biased
2024,is-biased
2025,is-biased
2026,is-biased
2027,is-biased
2028,is-biased
2029,is-biased
2030,is-biased
2031,is-biased
2032,is-biased
2033,is-biased
2034,is-biased
2035,is-biased
2036,is-biased
2037,is-biased
2038,is-biased
2039,is-biased
2040,is-biased
2041,is-biased
2042,is-biased
2043,is-biased
2044,is-biased
2045,is-biased
2046,is-biased
2047,is-biased
2048,is-biased
2049,is-biased
2050,is-biased
2051,is-biased
2052,is-biased
2053,is-biased
2054,is-biased
2055,is-biased
2056,is-not-biased
2057,is-biased
2058,is-biased
2059,is-biased
2060,is-biased
2061,is-biased
2062,is-biased
2063,is-biased
2064,is-biased
2065,is-biased
2066,is-biased
2067,is-biased
2068,is-biased
2069,is-biased
2070,is-biased
2071,is-biased
2072,is-biased
2073,is-biased
2074,is-biased
2075,is-biased
2076,is-biased
2077,is-biased
2078,is-biased
2079,is-biased
2080,is-biased
2081,is-biased
2082,is-biased
2083,is-biased
2084,is-biased
2085,is-biased
2086,is-biased
2087,is-biased
2088,is-biased
2089,is-biased
2090,is-biased
2091,is-biased
2092,is-biased
2093,is-biased
2094,is-biased
2095,is-biased
2096,is-biased
2097,is-biased
2098,is-biased
2099,is-biased
2100,is-biased
2101,is-biased
2102,is-biased
2103,is-biased
2104,is-biased
2105,is-biased
2106,is-biased
2107,is-biased
2108,is-biased
2109,is-biased
2110,is-biased
2111,is-biased
2112,is-biased
2113,is-biased
2114,is-biased
2115,is-biased
2116,is-biased
2117,is-biased
2118,is-biased
2119,is-biased
2120,is-biased
2121,is-biased
2122,is-biased
2123,is-biased
2124,is-biased
2125,is-biased
2126,is-biased
2127,is-biased
2128,is-biased
2129,is-biased
2130,is-biased
2131,is-biased
2132,is-biased
2133,is-biased
2134,is-biased
2135,is-biased
2136,is-biased
2137,is-biased
2138,is-biased
2139,is-biased
2140,is-biased
2141,is-biased
2142,is-biased
2143,is-biased
2144,is-biased
2145,is-biased
2146,is-biased
2147,is-biased
2148,is-biased
2149,is-biased
2150,is-biased
2151,is-biased
2152,is-biased
2153,is-biased
2154,is-biased
2155,is-biased
2156,is-biased
2157,is-biased
2158,is-biased
2159,is-biased
2160,is-biased
2161,is-biased
2162,is-biased
2163,is-biased
2164,is-biased
2165,is-biased
2166,is-biased
2167,is-biased
2168,is-biased
2169,is-biased
2170,is-biased
2171,is-biased
2172,is-biased
2173,is-biased
2174,is-biased
2175,is-biased
2176,is-biased
2177,is-biased
2178,is-biased
